﻿video_name,label
0001,0
0001_class0_aug1_saturation_scale,0
0001_class0_aug2_speckle_noise_scale,0
0001_class0_aug3_emboss_emboss,0
0001_class0_aug4_redstrip_h_18px_crop_brightness,0
0001_class0_aug5_affine_contrast_s&p_noise,0
0002,0
0002_class0_aug1_whitesq_102px_brightness_bilateral_gauss,0
0002_class0_aug2_contrast,0
0002_class0_aug3_poisson_noise,0
0002_class0_aug4_gamma,0
0002_class0_aug5_red_curves_5_brightness_redstrip_v_10px,0
0003,0
0003_class0_aug1_gauss_noise_brightness_multi_gauss_noise,0
0003_class0_aug2_edge_enhance,0
0003_class0_aug3_red_curves_3,0
0003_class0_aug4_redstrip_v_14px_redstrip_v_26px,0
0003_class0_aug5_edge_enhance_vflip_scale,0
0004,2
0004_class2_aug1_whitesq_87px,2
0004_class2_aug2_gauss_noise,2
0004_class2_aug3_edge_enhance_contrast_rotate,2
0004_class2_aug4_gamma_crop,2
0004_class2_aug5_gamma_edge_enhance,2
0004_class2_aug6_redstrip_h_12px_affine,2
0004_class2_aug7_red_curves_3_brightness_multi_gauss_noise,2
0004_class2_aug8_vflip_whitesq_116px_whitesq_156px,2
0004_class2_aug9_emboss_whitesq_123px,2
0004_class2_aug10_affine_affine,2
0004_class2_aug11_crop_poisson_noise_edge_enhance,2
0004_class2_aug12_scale,2
0005,2
0005_class2_aug1_multi_gauss_noise_whitesq_145px,2
0005_class2_aug2_bilateral_sp,2
0005_class2_aug3_saturation_blur,2
0005_class2_aug4_brightness,2
0005_class2_aug5_rotate_saturation,2
0005_class2_aug6_speckle_noise_hflip_whitesq_147px,2
0005_class2_aug7_blur,2
0005_class2_aug8_scale_elastic_multi_gauss_noise,2
0005_class2_aug9_affine_contrast,2
0005_class2_aug10_affine_speckle_noise,2
0005_class2_aug11_multi_gauss_noise,2
0005_class2_aug12_saturation_redstrip_h_11px,2
0006,0
0006_class0_aug1_multi_gauss_noise,0
0006_class0_aug2_multi_gauss_noise_whitesq_163px,0
0006_class0_aug3_speckle_noise,0
0006_class0_aug4_redstrip_v_15px,0
0006_class0_aug5_scale_poisson_noise,0
0007,2
0007_class2_aug1_whitesq_37px_speckle_noise_speckle_noise,2
0007_class2_aug2_saturation,2
0007_class2_aug3_rotate_edge_enhance_vflip,2
0007_class2_aug4_saturation,2
0007_class2_aug5_speckle_noise,2
0007_class2_aug6_scale_speckle_noise_emboss,2
0007_class2_aug7_gamma_crop_hflip,2
0007_class2_aug8_multi_gauss_noise,2
0007_class2_aug9_blur_gauss_noise,2
0007_class2_aug10_sharpen_gamma,2
0007_class2_aug11_saturation_elastic_crop,2
0007_class2_aug12_hflip_crop_whitesq_163px,2
0008,1
0008_class1_aug1_scale_redstrip_v_28px,1
0008_class1_aug2_multi_gauss_noise_affine,1
0008_class1_aug3_blur_multi_gauss_noise_brightness,1
0008_class1_aug4_gauss_noise,1
0008_class1_aug5_elastic,1
0008_class1_aug6_scale_affine,1
0008_class1_aug7_multi_gauss_noise,1
0008_class1_aug8_crop_speckle_noise_blur,1
0009,1
0009_class1_aug1_sharpen_affine,1
0009_class1_aug2_multi_gauss_noise_edge_enhance_emboss,1
0009_class1_aug3_sharpen_elastic_brightness,1
0009_class1_aug4_elastic,1
0009_class1_aug5_multi_gauss_noise_vflip_elastic,1
0009_class1_aug6_gamma,1
0009_class1_aug7_red_curves_3,1
0009_class1_aug8_scale_scale,1
0010,1
0010_class1_aug1_s&p_noise_crop_hflip,1
0010_class1_aug2_bilateral_gauss_red_curves_5_rotate,1
0010_class1_aug3_s&p_noise_speckle_noise,1
0010_class1_aug4_blur_edge_enhance_rotate,1
0010_class1_aug5_rotate,1
0010_class1_aug6_red_curves_4_redstrip_v_27px,1
0010_class1_aug7_hflip_blur_poisson_noise,1
0010_class1_aug8_hflip_multi_gauss_noise_brightness,1
0011,1
0011_class1_aug1_contrast,1
0011_class1_aug2_scale,1
0011_class1_aug3_contrast_redstrip_h_29px_edge_enhance,1
0011_class1_aug4_rotate,1
0011_class1_aug5_s&p_noise_red_curves_4,1
0011_class1_aug6_speckle_noise,1
0011_class1_aug7_poisson_noise_gauss_noise_whitesq_68px,1
0011_class1_aug8_redstrip_h_28px_red_curves_4_whitesq_84px,1
0012,1
0012_class1_aug1_gauss_noise,1
0012_class1_aug2_whitesq_48px,1
0012_class1_aug3_bilateral_sp,1
0012_class1_aug4_affine,1
0012_class1_aug5_blur,1
0012_class1_aug6_gauss_noise,1
0012_class1_aug7_red_curves_5_saturation,1
0012_class1_aug8_rotate_saturation_blur,1
0013,0
0013_class0_aug1_redstrip_h_27px_redstrip_v_22px,0
0013_class0_aug2_poisson_noise,0
0013_class0_aug3_whitesq_123px_edge_enhance_rotate,0
0013_class0_aug4_red_curves_4_speckle_noise_crop,0
0013_class0_aug5_sharpen,0
0014,2
0014_class2_aug1_speckle_noise_contrast,2
0014_class2_aug2_affine_redstrip_h_30px_rotate,2
0014_class2_aug3_multi_gauss_noise_redstrip_h_28px,2
0014_class2_aug4_vflip_affine_poisson_noise,2
0014_class2_aug5_s&p_noise,2
0014_class2_aug6_saturation,2
0014_class2_aug7_red_curves_5_hflip_vflip,2
0014_class2_aug8_hflip_vflip,2
0014_class2_aug9_edge_enhance,2
0014_class2_aug10_s&p_noise_rotate_hflip,2
0014_class2_aug11_speckle_noise_s&p_noise,2
0014_class2_aug12_gamma_elastic_poisson_noise,2
0015,0
0015_class0_aug1_rotate_emboss_redstrip_h_12px,0
0015_class0_aug2_crop,0
0015_class0_aug3_sharpen_gauss_noise,0
0015_class0_aug4_whitesq_111px_affine_gamma,0
0015_class0_aug5_crop,0
0016,1
0016_class1_aug1_red_curves_5,1
0016_class1_aug2_vflip_whitesq_158px,1
0016_class1_aug3_red_curves_4_multi_gauss_noise_edge_enhance,1
0016_class1_aug4_redstrip_v_16px_rotate,1
0016_class1_aug5_contrast,1
0016_class1_aug6_speckle_noise,1
0016_class1_aug7_saturation_emboss,1
0016_class1_aug8_scale_poisson_noise,1
0017,1
0017_class1_aug1_rotate_emboss,1
0017_class1_aug2_saturation_redstrip_h_23px,1
0017_class1_aug3_redstrip_v_27px_saturation,1
0017_class1_aug4_red_curves_4_crop_vflip,1
0017_class1_aug5_gauss_noise,1
0017_class1_aug6_vflip,1
0017_class1_aug7_sharpen_hflip_contrast,1
0017_class1_aug8_edge_enhance,1
0018,2
0018_class2_aug1_gamma_edge_enhance,2
0018_class2_aug2_gamma,2
0018_class2_aug3_crop_edge_enhance,2
0018_class2_aug4_crop_red_curves_5_scale,2
0018_class2_aug5_sharpen,2
0018_class2_aug6_vflip,2
0018_class2_aug7_s&p_noise_bilateral_gauss,2
0018_class2_aug8_scale_blur_s&p_noise,2
0018_class2_aug9_red_curves_4_sharpen_poisson_noise,2
0018_class2_aug10_multi_gauss_noise_redstrip_h_11px_contrast,2
0018_class2_aug11_poisson_noise_gauss_noise_redstrip_v_28px,2
0018_class2_aug12_speckle_noise_gauss_noise,2
0019,2
0019_class2_aug1_affine_gamma,2
0019_class2_aug2_vflip_whitesq_43px_gamma,2
0019_class2_aug3_multi_gauss_noise_saturation,2
0019_class2_aug4_brightness_gamma_gauss_noise,2
0019_class2_aug5_scale_brightness_elastic,2
0019_class2_aug6_contrast,2
0019_class2_aug7_poisson_noise_scale,2
0019_class2_aug8_s&p_noise_sharpen,2
0019_class2_aug9_brightness,2
0019_class2_aug10_poisson_noise_multi_gauss_noise,2
0019_class2_aug11_brightness_speckle_noise_hflip,2
0019_class2_aug12_rotate_red_curves_4_whitesq_44px,2
0020,0
0020_class0_aug1_vflip,0
0020_class0_aug2_brightness,0
0020_class0_aug3_saturation,0
0020_class0_aug4_blur,0
0020_class0_aug5_whitesq_41px,0
0021,0
0021_class0_aug1_redstrip_h_11px,0
0021_class0_aug2_affine_hflip,0
0021_class0_aug3_gauss_noise_edge_enhance_crop,0
0021_class0_aug4_speckle_noise_saturation,0
0021_class0_aug5_red_curves_3_gauss_noise,0
0022,0
0022_class0_aug1_contrast_hflip_blur,0
0022_class0_aug2_emboss_brightness_red_curves_5,0
0022_class0_aug3_contrast_emboss,0
0022_class0_aug4_elastic_brightness_whitesq_50px,0
0022_class0_aug5_whitesq_114px_speckle_noise_speckle_noise,0
0023,0
0023_class0_aug1_poisson_noise_crop_red_curves_3,0
0023_class0_aug2_whitesq_83px_multi_gauss_noise_emboss,0
0023_class0_aug3_poisson_noise_affine,0
0023_class0_aug4_affine_speckle_noise_speckle_noise,0
0023_class0_aug5_sharpen,0
0024,2
0024_class2_aug1_crop,2
0024_class2_aug2_bilateral_sp_contrast_speckle_noise,2
0024_class2_aug3_saturation,2
0024_class2_aug4_redstrip_h_19px_red_curves_2,2
0024_class2_aug5_whitesq_61px_affine,2
0024_class2_aug6_affine_saturation_emboss,2
0024_class2_aug7_blur_crop_whitesq_125px,2
0024_class2_aug8_gauss_noise_rotate,2
0024_class2_aug9_affine_bilateral_gauss_crop,2
0024_class2_aug10_s&p_noise_gamma_gauss_noise,2
0024_class2_aug11_affine_affine_scale,2
0024_class2_aug12_speckle_noise_brightness,2
0025,1
0025_class1_aug1_saturation_saturation,1
0025_class1_aug2_gauss_noise_red_curves_3_gamma,1
0025_class1_aug3_saturation_redstrip_h_29px,1
0025_class1_aug4_elastic_brightness,1
0025_class1_aug5_contrast_multi_gauss_noise_redstrip_h_16px,1
0025_class1_aug6_sharpen_contrast,1
0025_class1_aug7_gamma_poisson_noise,1
0025_class1_aug8_whitesq_53px_contrast,1
0026,0
0026_class0_aug1_rotate,0
0026_class0_aug2_red_curves_2,0
0026_class0_aug3_edge_enhance_red_curves_5_s&p_noise,0
0026_class0_aug4_affine,0
0026_class0_aug5_gamma_sharpen,0
0027,0
0027_class0_aug1_hflip,0
0027_class0_aug2_saturation_vflip,0
0027_class0_aug3_sharpen_speckle_noise_elastic,0
0027_class0_aug4_saturation_hflip,0
0027_class0_aug5_sharpen,0
0028,2
0028_class2_aug1_sharpen_whitesq_99px,2
0028_class2_aug2_multi_gauss_noise,2
0028_class2_aug3_gauss_noise_contrast_brightness,2
0028_class2_aug4_whitesq_53px,2
0028_class2_aug5_saturation_crop_vflip,2
0028_class2_aug6_emboss_gauss_noise,2
0028_class2_aug7_poisson_noise_multi_gauss_noise_elastic,2
0028_class2_aug8_blur_whitesq_66px,2
0028_class2_aug9_elastic_edge_enhance_rotate,2
0028_class2_aug10_gamma_poisson_noise_affine,2
0028_class2_aug11_hflip,2
0028_class2_aug12_contrast,2
0029,0
0029_class0_aug1_edge_enhance_gauss_noise_redstrip_v_24px,0
0029_class0_aug2_rotate_crop_s&p_noise,0
0029_class0_aug3_hflip_vflip_affine,0
0029_class0_aug4_blur_brightness_whitesq_125px,0
0029_class0_aug5_sharpen_rotate_affine,0
0030,0
0030_class0_aug1_redstrip_v_15px_hflip_contrast,0
0030_class0_aug2_redstrip_h_27px,0
0030_class0_aug3_scale_red_curves_4_emboss,0
0030_class0_aug4_speckle_noise_edge_enhance_vflip,0
0030_class0_aug5_crop,0
0031,1
0031_class1_aug1_gamma,1
0031_class1_aug2_gauss_noise_scale,1
0031_class1_aug3_gauss_noise_contrast,1
0031_class1_aug4_emboss_contrast,1
0031_class1_aug5_whitesq_49px_redstrip_v_27px,1
0031_class1_aug6_blur_bilateral_sp_edge_enhance,1
0031_class1_aug7_rotate_bilateral_sp,1
0031_class1_aug8_speckle_noise_red_curves_3_gauss_noise,1
0032,0
0032_class0_aug1_blur,0
0032_class0_aug2_redstrip_h_11px_crop,0
0032_class0_aug3_scale_saturation,0
0032_class0_aug4_redstrip_h_21px,0
0032_class0_aug5_redstrip_h_17px_redstrip_v_16px_sharpen,0
0033,2
0033_class2_aug1_gamma_multi_gauss_noise,2
0033_class2_aug2_contrast,2
0033_class2_aug3_redstrip_v_14px,2
0033_class2_aug4_poisson_noise,2
0033_class2_aug5_speckle_noise_emboss,2
0033_class2_aug6_whitesq_58px,2
0033_class2_aug7_gauss_noise_edge_enhance,2
0033_class2_aug8_saturation_blur_redstrip_h_19px,2
0033_class2_aug9_blur_sharpen_redstrip_v_19px,2
0033_class2_aug10_hflip_vflip,2
0033_class2_aug11_poisson_noise_vflip_gauss_noise,2
0033_class2_aug12_emboss,2
0034,2
0034_class2_aug1_hflip_sharpen,2
0034_class2_aug2_hflip_blur,2
0034_class2_aug3_poisson_noise_gauss_noise,2
0034_class2_aug4_sharpen,2
0034_class2_aug5_emboss,2
0034_class2_aug6_s&p_noise_brightness,2
0034_class2_aug7_gamma,2
0034_class2_aug8_gamma,2
0034_class2_aug9_multi_gauss_noise,2
0034_class2_aug10_multi_gauss_noise,2
0034_class2_aug11_emboss_crop,2
0034_class2_aug12_emboss_blur_hflip,2
0035,0
0035_class0_aug1_poisson_noise_contrast_speckle_noise,0
0035_class0_aug2_multi_gauss_noise_edge_enhance,0
0035_class0_aug3_brightness,0
0035_class0_aug4_vflip,0
0035_class0_aug5_affine_contrast_rotate,0
0036,0
0036_class0_aug1_hflip,0
0036_class0_aug2_contrast_elastic,0
0036_class0_aug3_hflip,0
0036_class0_aug4_gauss_noise_rotate,0
0036_class0_aug5_scale_rotate_whitesq_144px,0
0037,0
0037_class0_aug1_emboss_vflip_scale,0
0037_class0_aug2_edge_enhance,0
0037_class0_aug3_multi_gauss_noise_speckle_noise_whitesq_84px,0
0037_class0_aug4_crop,0
0037_class0_aug5_blur_multi_gauss_noise_sharpen,0
0038,0
0038_class0_aug1_hflip_edge_enhance,0
0038_class0_aug2_red_curves_2_redstrip_v_16px_brightness,0
0038_class0_aug3_crop_contrast_gauss_noise,0
0038_class0_aug4_vflip_gauss_noise_emboss,0
0038_class0_aug5_saturation_s&p_noise_speckle_noise,0
0039,0
0039_class0_aug1_multi_gauss_noise_emboss,0
0039_class0_aug2_elastic_red_curves_3_redstrip_v_25px,0
0039_class0_aug3_blur,0
0039_class0_aug4_rotate_gauss_noise_elastic,0
0039_class0_aug5_redstrip_v_28px_blur,0
0040,0
0040_class0_aug1_redstrip_h_13px_whitesq_102px_edge_enhance,0
0040_class0_aug2_brightness_affine,0
0040_class0_aug3_elastic,0
0040_class0_aug4_elastic_saturation_gamma,0
0040_class0_aug5_rotate_scale_gamma,0
0041,1
0041_class1_aug1_blur_vflip,1
0041_class1_aug2_sharpen,1
0041_class1_aug3_elastic_scale_emboss,1
0041_class1_aug4_affine_s&p_noise_hflip,1
0041_class1_aug5_rotate,1
0041_class1_aug6_whitesq_52px,1
0041_class1_aug7_saturation,1
0041_class1_aug8_crop_vflip_bilateral_gauss,1
0042,2
0042_class2_aug1_speckle_noise_poisson_noise,2
0042_class2_aug2_contrast_contrast_redstrip_v_19px,2
0042_class2_aug3_crop_rotate_sharpen,2
0042_class2_aug4_red_curves_3_bilateral_gauss,2
0042_class2_aug5_bilateral_gauss,2
0042_class2_aug6_sharpen_affine_poisson_noise,2
0042_class2_aug7_edge_enhance_hflip,2
0042_class2_aug8_contrast,2
0042_class2_aug9_whitesq_146px_saturation,2
0042_class2_aug10_hflip_brightness,2
0042_class2_aug11_poisson_noise,2
0042_class2_aug12_s&p_noise_affine_s&p_noise,2
0043,1
0043_class1_aug1_scale_emboss,1
0043_class1_aug2_vflip,1
0043_class1_aug3_red_curves_5_bilateral_gauss,1
0043_class1_aug4_redstrip_v_28px_sharpen,1
0043_class1_aug5_edge_enhance_elastic,1
0043_class1_aug6_s&p_noise,1
0043_class1_aug7_sharpen,1
0043_class1_aug8_bilateral_gauss_poisson_noise_saturation,1
0044,1
0044_class1_aug1_sharpen_red_curves_4,1
0044_class1_aug2_edge_enhance_gauss_noise,1
0044_class1_aug3_s&p_noise,1
0044_class1_aug4_bilateral_sp_crop_red_curves_5,1
0044_class1_aug5_sharpen,1
0044_class1_aug6_affine_affine,1
0044_class1_aug7_speckle_noise_brightness,1
0044_class1_aug8_rotate,1
0045,0
0045_class0_aug1_poisson_noise_emboss,0
0045_class0_aug2_vflip_contrast_brightness,0
0045_class0_aug3_sharpen_red_curves_4_brightness,0
0045_class0_aug4_redstrip_h_21px_speckle_noise_redstrip_h_15px,0
0045_class0_aug5_red_curves_4,0
0046,0
0046_class0_aug1_elastic,0
0046_class0_aug2_redstrip_h_29px_gauss_noise,0
0046_class0_aug3_s&p_noise,0
0046_class0_aug4_s&p_noise_contrast_contrast,0
0046_class0_aug5_bilateral_gauss_vflip,0
0047,1
0047_class1_aug1_whitesq_143px,1
0047_class1_aug2_scale_gauss_noise,1
0047_class1_aug3_scale_affine,1
0047_class1_aug4_multi_gauss_noise_bilateral_sp_multi_gauss_noise,1
0047_class1_aug5_contrast_redstrip_h_16px,1
0047_class1_aug6_whitesq_156px_brightness_red_curves_4,1
0047_class1_aug7_elastic_gamma,1
0047_class1_aug8_gamma_crop_vflip,1
0048,0
0048_class0_aug1_contrast,0
0048_class0_aug2_gamma,0
0048_class0_aug3_vflip_blur_bilateral_gauss,0
0048_class0_aug4_poisson_noise_blur,0
0048_class0_aug5_saturation,0
0049,2
0049_class2_aug1_edge_enhance_brightness_edge_enhance,2
0049_class2_aug2_scale,2
0049_class2_aug3_brightness_s&p_noise_affine,2
0049_class2_aug4_speckle_noise_bilateral_sp,2
0049_class2_aug5_rotate_multi_gauss_noise,2
0049_class2_aug6_red_curves_3_crop,2
0049_class2_aug7_gauss_noise_redstrip_v_20px,2
0049_class2_aug8_gamma,2
0049_class2_aug9_scale_gamma,2
0049_class2_aug10_contrast_scale,2
0049_class2_aug11_vflip_brightness,2
0049_class2_aug12_gamma,2
0050,0
0050_class0_aug1_speckle_noise,0
0050_class0_aug2_red_curves_4_crop_blur,0
0050_class0_aug3_whitesq_131px_gamma_rotate,0
0050_class0_aug4_poisson_noise,0
0050_class0_aug5_s&p_noise,0
0051,0
0051_class0_aug1_sharpen,0
0051_class0_aug2_blur,0
0051_class0_aug3_gauss_noise_s&p_noise,0
0051_class0_aug4_sharpen_rotate,0
0051_class0_aug5_crop_brightness_bilateral_gauss,0
0052,0
0052_class0_aug1_hflip_speckle_noise_speckle_noise,0
0052_class0_aug2_gamma,0
0052_class0_aug3_rotate_saturation_brightness,0
0052_class0_aug4_affine_edge_enhance,0
0052_class0_aug5_sharpen_hflip_red_curves_5,0
0053,1
0053_class1_aug1_multi_gauss_noise,1
0053_class1_aug2_multi_gauss_noise,1
0053_class1_aug3_crop,1
0053_class1_aug4_s&p_noise_affine_emboss,1
0053_class1_aug5_gauss_noise_edge_enhance_poisson_noise,1
0053_class1_aug6_brightness,1
0053_class1_aug7_red_curves_2,1
0053_class1_aug8_emboss,1
0054,0
0054_class0_aug1_gamma,0
0054_class0_aug2_gauss_noise_gamma,0
0054_class0_aug3_multi_gauss_noise_vflip_affine,0
0054_class0_aug4_gamma,0
0054_class0_aug5_edge_enhance,0
0055,0
0055_class0_aug1_s&p_noise_redstrip_h_20px,0
0055_class0_aug2_sharpen_affine,0
0055_class0_aug3_vflip_speckle_noise_blur,0
0055_class0_aug4_bilateral_gauss_scale,0
0055_class0_aug5_red_curves_4,0
0056,0
0056_class0_aug1_gauss_noise,0
0056_class0_aug2_vflip_saturation,0
0056_class0_aug3_speckle_noise_contrast_elastic,0
0056_class0_aug4_gauss_noise_s&p_noise,0
0056_class0_aug5_whitesq_107px_emboss_saturation,0
0057,1
0057_class1_aug1_gauss_noise_redstrip_h_11px_edge_enhance,1
0057_class1_aug2_s&p_noise,1
0057_class1_aug3_vflip_gamma,1
0057_class1_aug4_scale_red_curves_3,1
0057_class1_aug5_multi_gauss_noise_bilateral_sp_edge_enhance,1
0057_class1_aug6_gamma_elastic_poisson_noise,1
0057_class1_aug7_multi_gauss_noise,1
0057_class1_aug8_gamma,1
0058,2
0058_class2_aug1_multi_gauss_noise_gauss_noise,2
0058_class2_aug2_whitesq_161px_affine_hflip,2
0058_class2_aug3_gamma,2
0058_class2_aug4_emboss,2
0058_class2_aug5_saturation_rotate_multi_gauss_noise,2
0058_class2_aug6_brightness,2
0058_class2_aug7_vflip_gauss_noise_hflip,2
0058_class2_aug8_blur_scale,2
0058_class2_aug9_s&p_noise,2
0058_class2_aug10_contrast_crop_redstrip_v_17px,2
0058_class2_aug11_edge_enhance,2
0058_class2_aug12_edge_enhance,2
0059,0
0059_class0_aug1_emboss,0
0059_class0_aug2_sharpen,0
0059_class0_aug3_speckle_noise_brightness_brightness,0
0059_class0_aug4_gauss_noise_crop,0
0059_class0_aug5_crop,0
0060,0
0060_class0_aug1_edge_enhance_gamma,0
0060_class0_aug2_elastic_poisson_noise,0
0060_class0_aug3_elastic,0
0060_class0_aug4_gauss_noise_s&p_noise,0
0060_class0_aug5_red_curves_4_red_curves_2,0
0061,0
0061_class0_aug1_gamma,0
0061_class0_aug2_sharpen_s&p_noise,0
0061_class0_aug3_poisson_noise_crop,0
0061_class0_aug4_edge_enhance_crop_gamma,0
0061_class0_aug5_saturation_elastic,0
0062,2
0062_class2_aug1_vflip_sharpen_whitesq_147px,2
0062_class2_aug2_gauss_noise_poisson_noise,2
0062_class2_aug3_whitesq_86px_brightness,2
0062_class2_aug4_edge_enhance_edge_enhance,2
0062_class2_aug5_saturation,2
0062_class2_aug6_saturation_elastic_edge_enhance,2
0062_class2_aug7_emboss,2
0062_class2_aug8_contrast,2
0062_class2_aug9_blur_vflip,2
0062_class2_aug10_elastic_rotate_saturation,2
0062_class2_aug11_scale_contrast_red_curves_5,2
0062_class2_aug12_rotate_vflip_elastic,2
0063,1
0063_class1_aug1_hflip_gauss_noise,1
0063_class1_aug2_bilateral_sp,1
0063_class1_aug3_whitesq_127px_speckle_noise,1
0063_class1_aug4_gauss_noise,1
0063_class1_aug5_sharpen_contrast,1
0063_class1_aug6_scale,1
0063_class1_aug7_saturation,1
0063_class1_aug8_scale_poisson_noise,1
0064,0
0064_class0_aug1_speckle_noise_elastic,0
0064_class0_aug2_gauss_noise,0
0064_class0_aug3_hflip,0
0064_class0_aug4_edge_enhance_crop_red_curves_3,0
0064_class0_aug5_multi_gauss_noise_whitesq_85px_brightness,0
0065,1
0065_class1_aug1_blur_gauss_noise_bilateral_gauss,1
0065_class1_aug2_gamma_blur,1
0065_class1_aug3_whitesq_161px,1
0065_class1_aug4_s&p_noise,1
0065_class1_aug5_gamma,1
0065_class1_aug6_gamma_scale,1
0065_class1_aug7_speckle_noise_hflip,1
0065_class1_aug8_sharpen_crop,1
0066,0
0066_class0_aug1_multi_gauss_noise_hflip,0
0066_class0_aug2_redstrip_h_30px,0
0066_class0_aug3_saturation_red_curves_2,0
0066_class0_aug4_brightness_scale,0
0066_class0_aug5_sharpen,0
0067,1
0067_class1_aug1_poisson_noise_emboss_affine,1
0067_class1_aug2_affine_rotate,1
0067_class1_aug3_edge_enhance_whitesq_133px,1
0067_class1_aug4_redstrip_v_25px,1
0067_class1_aug5_rotate,1
0067_class1_aug6_blur_gauss_noise,1
0067_class1_aug7_saturation_affine_multi_gauss_noise,1
0067_class1_aug8_scale,1
0068,0
0068_class0_aug1_elastic_speckle_noise,0
0068_class0_aug2_redstrip_h_26px,0
0068_class0_aug3_blur_rotate,0
0068_class0_aug4_scale,0
0068_class0_aug5_rotate_red_curves_2_vflip,0
0069,0
0069_class0_aug1_speckle_noise_saturation_rotate,0
0069_class0_aug2_edge_enhance,0
0069_class0_aug3_saturation,0
0069_class0_aug4_hflip_crop,0
0069_class0_aug5_hflip_hflip_contrast,0
0070,1
0070_class1_aug1_bilateral_gauss,1
0070_class1_aug2_s&p_noise_multi_gauss_noise,1
0070_class1_aug3_speckle_noise,1
0070_class1_aug4_poisson_noise,1
0070_class1_aug5_vflip,1
0070_class1_aug6_speckle_noise_gauss_noise,1
0070_class1_aug7_edge_enhance_gauss_noise_multi_gauss_noise,1
0070_class1_aug8_red_curves_4_saturation_vflip,1
0071,1
0071_class1_aug1_redstrip_v_21px,1
0071_class1_aug2_hflip,1
0071_class1_aug3_elastic_contrast,1
0071_class1_aug4_gamma_brightness,1
0071_class1_aug5_crop,1
0071_class1_aug6_s&p_noise_emboss_gauss_noise,1
0071_class1_aug7_affine,1
0071_class1_aug8_crop_brightness,1
0072,2
0072_class2_aug1_elastic,2
0072_class2_aug2_affine_brightness_sharpen,2
0072_class2_aug3_bilateral_sp_sharpen_scale,2
0072_class2_aug4_sharpen,2
0072_class2_aug5_speckle_noise_hflip_gauss_noise,2
0072_class2_aug6_redstrip_v_28px_gauss_noise,2
0072_class2_aug7_saturation_vflip_gamma,2
0072_class2_aug8_poisson_noise_affine,2
0072_class2_aug9_affine_poisson_noise,2
0072_class2_aug10_brightness_elastic_speckle_noise,2
0072_class2_aug11_poisson_noise_multi_gauss_noise,2
0072_class2_aug12_bilateral_sp_rotate_emboss,2
0073,0
0073_class0_aug1_s&p_noise_blur,0
0073_class0_aug2_brightness_speckle_noise_speckle_noise,0
0073_class0_aug3_bilateral_sp_multi_gauss_noise,0
0073_class0_aug4_saturation,0
0073_class0_aug5_affine,0
0074,0
0074_class0_aug1_gamma_speckle_noise,0
0074_class0_aug2_affine_emboss_affine,0
0074_class0_aug3_rotate,0
0074_class0_aug4_gauss_noise_speckle_noise_rotate,0
0074_class0_aug5_affine,0
0075,2
0075_class2_aug1_gamma_vflip_gamma,2
0075_class2_aug2_scale_hflip,2
0075_class2_aug3_blur_poisson_noise,2
0075_class2_aug4_blur,2
0075_class2_aug5_emboss_scale,2
0075_class2_aug6_elastic,2
0075_class2_aug7_sharpen_contrast,2
0075_class2_aug8_rotate_sharpen,2
0075_class2_aug9_speckle_noise_bilateral_sp,2
0075_class2_aug10_sharpen,2
0075_class2_aug11_whitesq_87px_whitesq_56px_scale,2
0075_class2_aug12_hflip_rotate,2
0076,0
0076_class0_aug1_speckle_noise,0
0076_class0_aug2_contrast_scale_contrast,0
0076_class0_aug3_crop_emboss_bilateral_gauss,0
0076_class0_aug4_sharpen_brightness,0
0076_class0_aug5_multi_gauss_noise_affine_edge_enhance,0
0077,0
0077_class0_aug1_affine,0
0077_class0_aug2_elastic,0
0077_class0_aug3_emboss_sharpen,0
0077_class0_aug4_affine_elastic,0
0077_class0_aug5_blur_affine_rotate,0
0078,2
0078_class2_aug1_contrast_multi_gauss_noise_gauss_noise,2
0078_class2_aug2_poisson_noise_whitesq_144px_brightness,2
0078_class2_aug3_edge_enhance,2
0078_class2_aug4_bilateral_sp_gamma_poisson_noise,2
0078_class2_aug5_blur,2
0078_class2_aug6_sharpen_gamma,2
0078_class2_aug7_redstrip_v_26px_redstrip_v_12px_scale,2
0078_class2_aug8_multi_gauss_noise_red_curves_4,2
0078_class2_aug9_s&p_noise_gauss_noise_emboss,2
0078_class2_aug10_gamma,2
0078_class2_aug11_sharpen_saturation,2
0078_class2_aug12_scale,2
0079,0
0079_class0_aug1_speckle_noise_edge_enhance,0
0079_class0_aug2_redstrip_v_18px_gauss_noise,0
0079_class0_aug3_gamma,0
0079_class0_aug4_crop_whitesq_96px_vflip,0
0079_class0_aug5_scale_rotate,0
0080,0
0080_class0_aug1_hflip_sharpen,0
0080_class0_aug2_bilateral_sp_blur,0
0080_class0_aug3_emboss,0
0080_class0_aug4_blur_speckle_noise_edge_enhance,0
0080_class0_aug5_scale_vflip,0
0081,2
0081_class2_aug1_bilateral_gauss_hflip,2
0081_class2_aug2_saturation,2
0081_class2_aug3_emboss_edge_enhance,2
0081_class2_aug4_edge_enhance_redstrip_v_18px_rotate,2
0081_class2_aug5_bilateral_gauss,2
0081_class2_aug6_saturation,2
0081_class2_aug7_elastic_scale_crop,2
0081_class2_aug8_rotate_contrast_gauss_noise,2
0081_class2_aug9_hflip_hflip_gamma,2
0081_class2_aug10_whitesq_137px_hflip,2
0081_class2_aug11_poisson_noise_s&p_noise_elastic,2
0081_class2_aug12_red_curves_2_poisson_noise_hflip,2
0082,1
0082_class1_aug1_poisson_noise,1
0082_class1_aug2_contrast,1
0082_class1_aug3_sharpen,1
0082_class1_aug4_bilateral_sp,1
0082_class1_aug5_bilateral_sp_poisson_noise_rotate,1
0082_class1_aug6_affine_rotate_crop,1
0082_class1_aug7_affine_bilateral_sp_hflip,1
0082_class1_aug8_redstrip_v_12px_s&p_noise_saturation,1
0083,0
0083_class0_aug1_brightness_hflip_multi_gauss_noise,0
0083_class0_aug2_bilateral_sp_bilateral_gauss_saturation,0
0083_class0_aug3_emboss_rotate_bilateral_sp,0
0083_class0_aug4_speckle_noise,0
0083_class0_aug5_brightness_saturation_crop,0
0084,2
0084_class2_aug1_gauss_noise_scale_gamma,2
0084_class2_aug2_gamma_gauss_noise,2
0084_class2_aug3_rotate,2
0084_class2_aug4_affine_vflip,2
0084_class2_aug5_crop_emboss,2
0084_class2_aug6_redstrip_h_20px_elastic,2
0084_class2_aug7_vflip,2
0084_class2_aug8_scale_whitesq_94px,2
0084_class2_aug9_contrast_rotate_gamma,2
0084_class2_aug10_s&p_noise_contrast,2
0084_class2_aug11_vflip_gauss_noise_red_curves_3,2
0084_class2_aug12_scale,2
0085,0
0085_class0_aug1_whitesq_75px,0
0085_class0_aug2_saturation,0
0085_class0_aug3_saturation,0
0085_class0_aug4_speckle_noise_elastic,0
0085_class0_aug5_vflip_vflip,0
0086,2
0086_class2_aug1_saturation_whitesq_104px_emboss,2
0086_class2_aug2_blur,2
0086_class2_aug3_poisson_noise,2
0086_class2_aug4_brightness_hflip_multi_gauss_noise,2
0086_class2_aug5_redstrip_h_23px_poisson_noise_bilateral_gauss,2
0086_class2_aug6_saturation,2
0086_class2_aug7_red_curves_2_poisson_noise,2
0086_class2_aug8_speckle_noise_speckle_noise,2
0086_class2_aug9_brightness,2
0086_class2_aug10_s&p_noise_hflip,2
0086_class2_aug11_s&p_noise,2
0086_class2_aug12_multi_gauss_noise_rotate_brightness,2
0087,0
0087_class0_aug1_whitesq_78px,0
0087_class0_aug2_multi_gauss_noise,0
0087_class0_aug3_brightness_edge_enhance,0
0087_class0_aug4_redstrip_h_29px_gauss_noise_edge_enhance,0
0087_class0_aug5_bilateral_gauss,0
0088,2
0088_class2_aug1_saturation_whitesq_40px_s&p_noise,2
0088_class2_aug2_gauss_noise_emboss_whitesq_157px,2
0088_class2_aug3_brightness_speckle_noise_affine,2
0088_class2_aug4_redstrip_v_10px_edge_enhance_poisson_noise,2
0088_class2_aug5_scale_s&p_noise,2
0088_class2_aug6_gamma,2
0088_class2_aug7_emboss_poisson_noise,2
0088_class2_aug8_gamma_bilateral_gauss_edge_enhance,2
0088_class2_aug9_vflip_brightness,2
0088_class2_aug10_multi_gauss_noise,2
0088_class2_aug11_emboss_affine_gauss_noise,2
0088_class2_aug12_red_curves_4_poisson_noise,2
0089,0
0089_class0_aug1_rotate_sharpen,0
0089_class0_aug2_scale,0
0089_class0_aug3_emboss_edge_enhance,0
0089_class0_aug4_edge_enhance_edge_enhance_hflip,0
0089_class0_aug5_poisson_noise_scale_rotate,0
0090,1
0090_class1_aug1_vflip_crop,1
0090_class1_aug2_sharpen,1
0090_class1_aug3_poisson_noise,1
0090_class1_aug4_affine,1
0090_class1_aug5_vflip_gamma,1
0090_class1_aug6_red_curves_5,1
0090_class1_aug7_edge_enhance_multi_gauss_noise_poisson_noise,1
0090_class1_aug8_emboss_crop_emboss,1
0091,0
0091_class0_aug1_blur,0
0091_class0_aug2_brightness_contrast_brightness,0
0091_class0_aug3_s&p_noise,0
0091_class0_aug4_poisson_noise_gamma,0
0091_class0_aug5_contrast_saturation,0
0092,2
0092_class2_aug1_vflip_contrast,2
0092_class2_aug2_sharpen,2
0092_class2_aug3_sharpen,2
0092_class2_aug4_elastic,2
0092_class2_aug5_affine_s&p_noise_red_curves_5,2
0092_class2_aug6_crop_redstrip_v_15px_whitesq_103px,2
0092_class2_aug7_emboss_crop,2
0092_class2_aug8_hflip,2
0092_class2_aug9_multi_gauss_noise_blur_crop,2
0092_class2_aug10_brightness_rotate,2
0092_class2_aug11_emboss_red_curves_5_s&p_noise,2
0092_class2_aug12_gamma,2
0093,2
0093_class2_aug1_brightness,2
0093_class2_aug2_redstrip_h_17px,2
0093_class2_aug3_blur,2
0093_class2_aug4_elastic_contrast,2
0093_class2_aug5_whitesq_42px_bilateral_gauss_elastic,2
0093_class2_aug6_hflip,2
0093_class2_aug7_whitesq_109px_red_curves_2,2
0093_class2_aug8_gamma_red_curves_2_redstrip_v_19px,2
0093_class2_aug9_gauss_noise_hflip_red_curves_2,2
0093_class2_aug10_brightness_whitesq_59px,2
0093_class2_aug11_brightness,2
0093_class2_aug12_gamma_poisson_noise_whitesq_73px,2
0094,2
0094_class2_aug1_whitesq_153px_emboss,2
0094_class2_aug2_elastic_multi_gauss_noise_elastic,2
0094_class2_aug3_rotate_crop_red_curves_3,2
0094_class2_aug4_emboss,2
0094_class2_aug5_contrast,2
0094_class2_aug6_multi_gauss_noise_gamma_speckle_noise,2
0094_class2_aug7_bilateral_gauss,2
0094_class2_aug8_whitesq_85px_vflip,2
0094_class2_aug9_scale,2
0094_class2_aug10_edge_enhance,2
0094_class2_aug11_gamma_contrast_vflip,2
0094_class2_aug12_sharpen,2
0095,1
0095_class1_aug1_edge_enhance_poisson_noise_edge_enhance,1
0095_class1_aug2_elastic_rotate_brightness,1
0095_class1_aug3_speckle_noise_bilateral_sp,1
0095_class1_aug4_sharpen_sharpen_red_curves_3,1
0095_class1_aug5_speckle_noise,1
0095_class1_aug6_edge_enhance,1
0095_class1_aug7_redstrip_v_19px_edge_enhance_blur,1
0095_class1_aug8_poisson_noise_gamma,1
0096,1
0096_class1_aug1_edge_enhance_s&p_noise,1
0096_class1_aug2_speckle_noise,1
0096_class1_aug3_whitesq_156px,1
0096_class1_aug4_affine_blur,1
0096_class1_aug5_bilateral_sp_elastic_blur,1
0096_class1_aug6_redstrip_h_20px_speckle_noise_elastic,1
0096_class1_aug7_rotate_multi_gauss_noise,1
0096_class1_aug8_poisson_noise_poisson_noise_edge_enhance,1
0097,1
0097_class1_aug1_s&p_noise_scale,1
0097_class1_aug2_emboss_emboss,1
0097_class1_aug3_affine_bilateral_sp_poisson_noise,1
0097_class1_aug4_whitesq_120px,1
0097_class1_aug5_vflip_elastic,1
0097_class1_aug6_blur_redstrip_v_15px,1
0097_class1_aug7_edge_enhance_brightness,1
0097_class1_aug8_speckle_noise_brightness_emboss,1
0098,0
0098_class0_aug1_redstrip_h_24px,0
0098_class0_aug2_edge_enhance_blur,0
0098_class0_aug3_affine_brightness,0
0098_class0_aug4_whitesq_117px_red_curves_4,0
0098_class0_aug5_whitesq_155px,0
0099,0
0099_class0_aug1_redstrip_v_26px,0
0099_class0_aug2_sharpen,0
0099_class0_aug3_blur_crop_affine,0
0099_class0_aug4_bilateral_gauss_redstrip_h_12px,0
0099_class0_aug5_contrast_s&p_noise,0
0100,1
0100_class1_aug1_brightness_poisson_noise_vflip,1
0100_class1_aug2_contrast_emboss,1
0100_class1_aug3_poisson_noise_elastic,1
0100_class1_aug4_scale_blur_poisson_noise,1
0100_class1_aug5_bilateral_gauss,1
0100_class1_aug6_edge_enhance_scale,1
0100_class1_aug7_blur,1
0100_class1_aug8_redstrip_v_16px,1
