﻿video_name,label
0001,0
0001_sbend_0.12_1.43_aug0,0
0002,0
0002_flipaug0,0
0003,0
0003_flipaug0,0
0004,2
0004_rotate15_aug0,2
0004_rotate-10_aug1,2
0005,2
0005_maskaug0,2
0005_flipaug1,2
0006,0
0006_sbend_0.11_1.78_aug0,0
0007,2
0007_rotate-15_aug0,2
0007_flipaug1,2
0008,1
0008_sbend_0.16_1.52_aug0,1
0008_rotate10_aug1,1
0009,1
0009_flipaug0,1
0009_sbend_0.16_1.25_aug1,1
0010,1
0010_maskaug0,1
0010_rotate15_aug1,1
0011,1
0011_maskaug0,1
0011_ubend0.46_aug1,1
0012,1
0012_flipaug0,1
0012_flipaug1,1
0013,0
0013_rotate10_aug0,0
0014,2
0014_flipaug0,2
0014_ubend0.32_aug1,2
0015,0
0015_maskaug0,0
0016,1
0016_sbend_0.17_1.39_aug0,1
0016_sbend_0.17_1.94_aug1,1
0017,1
0017_rotate15_aug0,1
0017_sbend_0.14_1.70_aug1,1
0018,2
0018_ubend0.58_aug0,2
0018_sbend_0.17_1.66_aug1,2
0019,2
0019_binoiseaug0,2
0019_sbend_0.07_1.32_aug1,2
0020,0
0020_maskaug0,0
0021,0
0021_flipaug0,0
0022,0
0022_flipaug0,0
0023,0
0023_ubend0.57_aug0,0
0024,2
0024_maskaug0,2
0024_flipaug1,2
0025,1
0025_binoiseaug0,1
0025_binoiseaug1,1
0026,0
0026_flipaug0,0
0027,0
0027_binoiseaug0,0
0028,2
0028_maskaug0,2
0028_maskaug1,2
0029,0
0029_rotate5_aug0,0
0030,0
0030_maskaug0,0
0031,1
0031_flipaug0,1
0031_maskaug1,1
0032,0
0032_ubend0.38_aug0,0
0033,2
0033_rotate15_aug0,2
0033_flipaug1,2
0034,2
0034_ubend0.34_aug0,2
0034_ubend0.59_aug1,2
0035,0
0035_rotate15_aug0,0
0036,0
0036_sbend_0.07_1.37_aug0,0
0037,0
0037_rotate5_aug0,0
0038,0
0038_rotate-10_aug0,0
0039,0
0039_ubend0.36_aug0,0
0040,0
0040_flipaug0,0
0041,1
0041_maskaug0,1
0041_sbend_0.11_1.19_aug1,1
0042,2
0042_flipaug0,2
0042_sbend_0.09_1.32_aug1,2
0043,1
0043_ubend0.52_aug0,1
0043_binoiseaug1,1
0044,1
0044_ubend0.47_aug0,1
0044_rotate-15_aug1,1
0045,0
0045_sbend_0.12_1.23_aug0,0
0046,0
0046_flipaug0,0
0047,1
0047_ubend0.53_aug0,1
0047_rotate-10_aug1,1
0048,0
0048_sbend_0.10_1.77_aug0,0
0049,2
0049_binoiseaug0,2
0049_binoiseaug1,2
0050,0
0050_binoiseaug0,0
0051,0
0051_maskaug0,0
0052,0
0052_maskaug0,0
0053,1
0053_sbend_0.12_1.26_aug0,1
0053_flipaug1,1
0054,0
0054_flipaug0,0
0055,0
0055_ubend0.43_aug0,0
0056,0
0056_rotate15_aug0,0
0057,1
0057_binoiseaug0,1
0057_rotate10_aug1,1
0058,2
0058_maskaug0,2
0058_binoiseaug1,2
0059,0
0059_maskaug0,0
0060,0
0060_maskaug0,0
0061,0
0061_binoiseaug0,0
0062,2
0062_rotate10_aug0,2
0062_flipaug1,2
0063,1
0063_binoiseaug0,1
0063_sbend_0.11_1.58_aug1,1
0064,0
0064_maskaug0,0
0065,1
0065_rotate5_aug0,1
0065_sbend_0.16_1.16_aug1,1
0066,0
0066_binoiseaug0,0
0067,1
0067_ubend0.52_aug0,1
0067_sbend_0.14_1.39_aug1,1
0068,0
0068_ubend0.52_aug0,0
0069,0
0069_rotate10_aug0,0
0070,1
0070_binoiseaug0,1
0070_rotate5_aug1,1
0071,1
0071_binoiseaug0,1
0071_maskaug1,1
0072,2
0072_sbend_0.12_1.06_aug0,2
0072_flipaug1,2
0073,0
0073_binoiseaug0,0
0074,0
0074_binoiseaug0,0
0075,2
0075_sbend_0.10_1.82_aug0,2
0075_ubend0.44_aug1,2
0076,0
0076_flipaug0,0
0077,0
0077_sbend_0.18_1.34_aug0,0
0078,2
0078_flipaug0,2
0078_ubend0.32_aug1,2
0079,0
0079_sbend_0.13_1.92_aug0,0
0080,0
0080_flipaug0,0
0081,2
0081_flipaug0,2
0081_flipaug1,2
0082,1
0082_ubend0.46_aug0,1
0082_rotate-15_aug1,1
0083,0
0083_rotate10_aug0,0
0084,2
0084_flipaug0,2
0084_flipaug1,2
0085,0
0085_ubend0.39_aug0,0
0086,2
0086_flipaug0,2
0086_rotate-10_aug1,2
0087,0
0087_maskaug0,0
0088,2
0088_sbend_0.10_1.10_aug0,2
0088_maskaug1,2
0089,0
0089_flipaug0,0
0090,1
0090_ubend0.43_aug0,1
0090_flipaug1,1
0091,0
0091_rotate10_aug0,0
0092,2
0092_rotate15_aug0,2
0092_flipaug1,2
0093,2
0093_maskaug0,2
0093_maskaug1,2
0094,2
0094_sbend_0.13_1.50_aug0,2
0094_binoiseaug1,2
0095,1
0095_maskaug0,1
0095_rotate10_aug1,1
0096,1
0096_ubend0.30_aug0,1
0096_binoiseaug1,1
0097,1
0097_ubend0.58_aug0,1
0097_flipaug1,1
0098,0
0098_binoiseaug0,0
0099,0
0099_sbend_0.07_1.78_aug0,0
0100,1
0100_binoiseaug0,1
0100_binoiseaug1,1
